event_id,mag,lat,lon,dist,pga,mmi,mmi_roman
eq1,6.3,19.891,99.831,21.57,0.08814210492748252,7.0,VII
eq1,6.3,19.407,99.137,69.45,0.021143936532213685,7.0,VII
eq1,6.3,18.816,33.09,124.76,0.008879279572142207,4.0,IV
eq1,6.3,18.134,100.127,185.22,0.004172865066242157,4.0,IV
eq1,6.3,19.3,97.973,186.94,0.004074173676044289,4.0,IV
eq1,6.3,17.826,100.776,242.31,0.0021472662732172202,4.0,IV
eq1,6.3,17.585,100.098,244.31,0.00209891770926335,4.0,IV
eq1,6.3,16.749,100.198,337.73,0.0007386594190379955,2.0,II
eq1,6.3,13.813,100.578,666.67,2.314642803509948e-05,4.0,IV
eq1,6.3,13.789,100.551,668.93,2.2675107844318713e-05,4.0,IV
eq1,6.3,13.775,100.574,670.8,2.2213470122015992e-05,3.0,III
eq1,6.3,13.748,100.567,673.59,2.1538729419082494e-05,4.0,IV
eq10,4.5,15.116,98.351,14.92,0.0507453703319934,4.0,IV
eq10,4.5,15.221,98.446,24.73,0.0241087711048438,2.0,II
eq10,4.5,14.75,98.614,34.79,0.0142282885977586,4.0,IV
eq11,4.5,16.516,100.383,4.95,0.103585527648947,4.0,IV
eq11,4.5,16.509,100.382,5.69,0.08753245633091757,4.0,IV
eq11,4.5,16.591,100.416,6.27,0.08753245633091757,4.0,IV
eq11,4.5,16.502,100.339,6.98,0.07482416579401864,7.0,VII
eq11,4.5,16.579,100.305,7.15,0.07482416579401864,4.0,IV
eq11,4.5,16.576,100.3,7.49,0.07482416579401864,4.0,IV
eq11,4.5,16.579,100.3,7.64,0.06460963050743945,4.0,IV
eq11,4.5,16.579,100.299,7.67,0.06460963050743945,4.0,IV
eq11,4.5,16.574,100.298,7.68,0.06460963050743945,3.0,III
eq11,4.5,16.595,100.304,7.97,0.06460963050743945,4.0,IV
eq11,4.5,16.487,100.337,8.54,0.05628950662201362,4.0,IV
eq11,4.5,16.591,100.442,8.71,0.05628950662201362,4.0,IV
eq11,4.5,16.473,100.341,9.87,0.0494323222602514,4.0,IV
eq11,4.5,16.457,100.349,11.42,0.04372139761353823,4.0,IV
eq11,4.5,16.458,100.344,11.44,0.04372139761353823,3.0,III
eq11,4.5,16.456,100.348,11.54,0.0389202901881673,4.0,IV
eq11,4.5,16.455,100.349,11.59,0.0389202901881673,4.0,IV
eq11,4.5,16.455,100.349,11.6,0.0389202901881673,4.0,IV
eq11,4.5,16.472,100.296,12.22,0.0389202901881673,4.0,IV
eq11,4.5,16.449,100.351,12.3,0.0389202901881673,4.0,IV
eq11,4.5,16.613,100.267,12.38,0.0389202901881673,4.0,IV
eq11,4.5,16.454,100.323,12.54,0.0348497461965198,4.0,IV
eq11,4.5,16.445,100.345,12.84,0.0348497461965198,3.0,III
eq11,4.5,16.444,100.347,12.85,0.0348497461965198,4.0,IV
eq11,4.5,16.447,100.332,12.94,0.0348497461965198,4.0,IV
eq11,4.5,16.443,100.342,13.12,0.0348497461965198,4.0,IV
eq11,4.5,16.443,100.336,13.27,0.0348497461965198,4.0,IV
eq11,4.5,16.44,100.343,13.44,0.0348497461965198,4.0,IV
eq11,4.5,16.442,100.332,13.48,0.0348497461965198,3.0,III
eq11,4.5,16.447,100.315,13.61,0.03137199015643864,4.0,IV
eq11,4.5,16.62,100.478,13.64,0.03137199015643864,4.0,IV
eq11,4.5,16.494,100.478,13.71,0.03137199015643864,4.0,IV
eq11,4.5,16.437,100.342,13.75,0.03137199015643864,4.0,IV
eq11,4.5,16.533,100.241,13.81,0.03137199015643864,4.0,IV
eq11,4.5,16.433,100.352,13.98,0.03137199015643864,4.0,IV
eq11,4.5,16.434,100.342,14.03,0.03137199015643864,4.0,IV
eq11,4.5,16.432,100.351,14.12,0.03137199015643864,4.0,IV
eq11,4.5,16.484,100.483,14.8,0.02837980640158691,3.0,III
eq11,4.5,16.438,100.307,14.87,0.02837980640158691,4.0,IV
eq11,4.5,16.487,100.495,15.68,0.0257888168583176,4.0,IV
eq11,4.5,16.582,100.222,15.74,0.0257888168583176,4.0,IV
eq11,4.5,16.437,100.284,16.17,0.0257888168583176,4.0,IV
eq11,4.5,16.42,100.318,16.23,0.0257888168583176,4.0,IV
eq11,4.5,16.399,100.389,17.82,0.02155530558648255,2.0,II
eq11,4.5,16.52,100.202,18.23,0.02155530558648255,4.0,IV
eq11,4.5,16.72,100.333,18.4,0.02155530558648255,4.0,IV
eq11,4.5,16.508,100.201,18.68,0.01981534575187765,4.0,IV
eq11,4.5,16.621,100.544,20.0,0.01827648064973619,3.0,III
eq11,4.5,16.436,100.208,21.78,0.01569010614029485,4.0,IV
eq11,4.5,16.374,100.293,21.99,0.01569010614029485,3.0,III
eq11,4.5,16.353,100.375,22.83,0.01459823384806906,4.0,IV
eq11,4.5,16.53,100.147,23.76,0.01361695942118515,4.0,IV
eq11,4.5,16.346,100.401,23.86,0.01361695942118515,3.0,III
eq11,4.5,16.339,100.367,24.38,0.01361695942118515,4.0,IV
eq11,4.5,16.338,100.348,24.56,0.01273205022969666,4.0,IV
eq11,4.5,16.405,100.539,24.86,0.01273205022969666,4.0,IV
eq11,4.5,16.406,100.538,24.86,0.01273205022969666,3.0,III
eq11,4.5,16.763,100.264,25.39,0.01273205022969666,4.0,IV
eq11,4.5,16.777,100.283,25.98,0.01193145199997059,4.0,IV
eq11,4.5,16.335,100.45,26.33,0.01193145199997059,3.0,III
eq11,4.5,16.745,100.203,27.28,0.01120490549896689,4.0,IV
eq11,4.5,16.746,100.202,27.35,0.01120490549896689,4.0,IV
eq11,4.5,16.737,100.191,27.44,0.01120490549896689,2.0,II
eq11,4.5,16.739,100.19,27.7,0.01054363906189774,4.0,IV
eq11,4.5,16.751,100.202,27.8,0.01054363906189774,4.0,IV
eq11,4.5,16.567,100.63,27.98,0.01054363906189774,4.0,IV
eq11,4.5,16.748,100.192,28.28,0.01054363906189774,2.0,II
eq11,4.5,16.81,100.332,28.3,0.01054363906189774,4.0,IV
eq11,4.5,16.812,100.355,28.32,0.01054363906189774,4.0,IV
eq11,4.5,16.755,100.199,28.4,0.01054363906189774,4.0,IV
eq11,4.5,16.747,100.188,28.46,0.01054363906189774,4.0,IV
eq11,4.5,16.757,100.199,28.5,0.01054363906189774,4.0,IV
eq11,4.5,16.747,100.187,28.51,0.00994012036947358,4.0,IV
eq11,4.5,16.755,100.196,28.58,0.00994012036947358,4.0,IV
eq11,4.5,16.752,100.19,28.7,0.00994012036947358,4.0,IV
eq11,4.5,16.793,100.253,28.86,0.00994012036947358,4.0,IV
eq11,4.5,16.812,100.301,29.15,0.00994012036947358,3.0,III
eq11,4.5,16.815,100.42,29.16,0.00994012036947358,3.0,III
eq11,4.5,16.818,100.328,29.23,0.00994012036947358,4.0,IV
eq11,4.5,16.815,100.302,29.44,0.00994012036947358,2.0,II
eq11,4.5,16.764,100.192,29.65,0.009387854842793688,2.0,II
eq11,4.5,16.797,100.243,29.78,0.009387854842793688,3.0,III
eq11,4.5,16.808,100.261,30.03,0.009387854842793688,4.0,IV
eq11,4.5,16.821,100.304,30.04,0.009387854842793688,4.0,IV
eq11,4.5,16.809,100.264,30.05,0.009387854842793688,4.0,IV
eq11,4.5,16.804,100.251,30.07,0.009387854842793688,4.0,IV
eq11,4.5,16.817,100.283,30.2,0.009387854842793688,4.0,IV
eq11,4.5,16.815,100.265,30.63,0.008881220964497949,4.0,IV
eq11,4.5,16.819,100.275,30.65,0.008881220964497949,4.0,IV
eq11,4.5,16.786,100.205,30.71,0.008881220964497949,4.0,IV
eq11,4.5,16.815,100.261,30.78,0.008881220964497949,4.0,IV
eq11,4.5,16.803,100.233,30.81,0.008881220964497949,4.0,IV
eq11,4.5,16.816,100.258,30.97,0.008881220964497949,3.0,III
eq11,4.5,16.798,100.217,31.13,0.008881220964497949,3.0,III
eq11,4.5,16.825,100.277,31.26,0.008881220964497949,3.0,III
eq11,4.5,16.839,100.381,31.3,0.008881220964497949,4.0,IV
eq11,4.5,16.828,100.282,31.34,0.008881220964497949,4.0,IV
eq11,4.5,16.84,100.372,31.35,0.008881220964497949,3.0,III
eq11,4.5,16.78,100.183,31.52,0.008415335035855296,4.0,IV
eq11,4.5,16.809,100.216,32.31,0.008415335035855296,4.0,IV
eq11,4.5,16.819,100.224,32.85,0.007985939540186573,4.0,IV
eq11,4.5,16.827,100.238,32.97,0.007985939540186573,4.0,IV
eq11,4.5,16.834,100.252,33.14,0.007985939540186573,4.0,IV
eq11,4.5,16.816,100.21,33.23,0.007985939540186573,4.0,IV
eq11,4.5,16.843,100.249,34.1,0.007589310545537556,4.0,IV
eq11,4.5,16.253,100.405,34.17,0.007589310545537556,4.0,IV
eq11,4.5,16.844,100.244,34.41,0.007589310545537556,4.0,IV
eq11,4.5,16.841,100.236,34.53,0.007222180546195568,4.0,IV
eq11,4.5,16.837,100.222,34.65,0.007222180546195568,3.0,III
eq11,4.5,16.839,100.221,34.91,0.007222180546195568,4.0,IV
eq11,4.5,16.848,100.24,35.05,0.007222180546195568,4.0,IV
eq11,4.5,16.859,100.27,35.09,0.007222180546195568,4.0,IV
eq11,4.5,16.763,100.116,35.25,0.007222180546195568,4.0,IV
eq11,4.5,16.859,100.253,35.63,0.006881673887832797,4.0,IV
eq11,4.5,16.809,100.161,35.63,0.006881673887832797,4.0,IV
eq11,4.5,16.859,100.254,35.67,0.006881673887832797,4.0,IV
eq11,4.5,16.243,100.304,35.68,0.006881673887832797,4.0,IV
eq11,4.5,16.863,100.259,35.84,0.006881673887832797,4.0,IV
eq11,4.5,16.855,100.235,35.91,0.006881673887832797,4.0,IV
eq11,4.5,16.869,100.275,35.94,0.006881673887832797,4.0,IV
eq11,4.5,16.851,100.221,36.14,0.006881673887832797,4.0,IV
eq11,4.5,16.853,100.22,36.38,0.006881673887832797,2.0,II
eq11,4.5,16.564,100.016,37.55,0.00627067010476103,4.0,IV
eq11,4.5,16.224,100.427,37.68,0.00627067010476103,2.0,II
eq11,4.5,16.286,100.582,37.88,0.00627067010476103,3.0,III
eq11,4.5,16.901,100.357,38.14,0.00627067010476103,4.0,IV
eq11,4.5,16.212,100.365,38.45,0.00627067010476103,4.0,IV
eq11,4.5,16.886,100.243,38.77,0.005995933446516674,4.0,IV
eq11,4.5,16.888,100.246,38.92,0.005995933446516674,3.0,III
eq11,4.5,16.897,100.259,39.5,0.005739269324077107,4.0,IV
eq11,4.5,16.926,100.242,43.02,0.005062718426760345,4.0,IV
eq11,4.5,16.843,100.07,44.89,0.004677154993848515,1.0,I
eq11,4.5,16.35,100.789,50.53,0.003754229212091581,4.0,IV
eq11,4.5,16.038,100.373,57.81,0.002984798429444234,3.0,III
eq11,4.5,16.181,100.901,70.66,0.002057714747439179,4.0,IV
eq11,4.5,16.151,99.805,75.2,0.001854098436377321,4.0,IV
eq11,4.5,15.945,99.979,79.77,0.001636037167624497,4.0,IV
eq11,4.5,16.455,99.538,89.27,0.001321482066211466,4.0,IV
eq11,4.5,16.566,99.518,90.64,0.001262399709020796,4.0,IV
eq11,4.5,16.569,99.509,91.54,0.001234109420083759,5.0,V
eq11,4.5,15.711,100.134,97.46,0.001103972992968818,4.0,IV
eq11,4.5,15.71,100.131,97.59,0.001080021865448125,4.0,IV
eq11,4.5,15.695,100.124,99.47,0.001056706290726549,3.0,III
eq11,4.5,15.668,100.147,101.7,0.0009903578791987634,3.0,III
eq11,4.5,15.667,100.077,103.82,0.0009489256765634813,4.0,IV
eq11,4.5,16.574,99.353,108.22,0.0008721416638375113,4.0,IV
eq11,4.5,17.291,101.133,115.12,0.0007547749612395211,4.0,IV
eq11,4.5,16.213,99.315,118.69,0.000696037942348573,4.0,IV
eq13,4.3,8.006,98.349,2.74,0.09260276916894195,7.0,VII
eq13,4.3,7.904,98.369,12.93,0.020330445371457832,4.0,IV
eq13,4.3,7.896,98.301,15.73,0.014933770131551066,4.0,IV
eq13,4.3,7.877,98.392,16.13,0.014933770131551066,3.0,III
eq14,4.2,18.536,98.452,7.66,0.03710242271177919,3.0,III
eq14,4.2,18.536,98.452,7.66,0.03710242271177919,2.0,II
eq14,4.2,18.497,98.668,17.07,0.01300508337528197,3.0,III
eq14,4.2,18.574,98.317,21.47,0.009246399928447774,2.0,II
eq14,4.2,18.375,98.603,22.4,0.008559659372316371,2.0,II
eq14,4.2,18.226,98.603,38.2,0.003327276959314437,2.0,II
eq14,4.2,18.226,98.612,38.43,0.003327276959314437,3.0,III
eq14,4.2,18.725,98.851,39.45,0.003177144745625369,4.0,IV
eq14,4.2,18.408,98.871,40.65,0.00290613663050529,2.0,II
eq14,4.2,18.194,98.61,41.77,0.002783574572219437,3.0,III
eq14,4.2,18.724,98.884,42.46,0.002783574572219437,2.0,II
eq14,4.2,18.797,98.941,51.57,0.001891846591310711,4.0,IV
eq14,4.2,18.787,98.955,52.35,0.001891846591310711,2.0,II
eq14,4.2,18.787,98.955,52.35,0.001891846591310711,3.0,III
eq14,4.2,18.757,99.006,55.67,0.00165072658845355,4.0,IV
eq14,4.2,19.362,98.42,89.76,0.0006493009380286936,4.0,IV
eq14,4.2,19.365,98.389,90.55,0.0006341097192655723,2.0,II
eq15,4.2,19.176,99.617,8.28,0.0334911849935976,2.0,II
eq15,4.2,19.15,99.62,11.07,0.02229940093148772,3.0,III
eq15,4.2,19.151,99.674,12.42,0.01976262619826833,2.0,II
eq15,4.2,19.337,99.502,15.73,0.01290462644716572,4.0,IV
eq15,4.2,19.357,99.758,18.74,0.00982999775303603,4.0,IV
eq15,4.2,19.244,99.441,18.82,0.00982999775303603,2.0,II
eq15,4.2,19.117,99.451,23.14,0.007172860818432724,4.0,IV
eq15,4.2,19.292,99.261,37.98,0.00300342780941787,4.0,IV
eq15,4.2,19.028,99.896,38.08,0.00300342780941787,4.0,IV
eq15,4.2,19.61,99.682,40.51,0.002623277737548471,4.0,IV
eq15,4.2,18.935,100.096,61.1,0.001270445854821954,4.0,IV
eq15,4.2,18.842,99.035,76.42,0.0008306593836535432,3.0,III
eq15,4.2,18.809,99.041,78.19,0.0007884952346653372,4.0,IV
eq15,4.2,18.802,99.003,81.79,0.0007122422693138166,4.0,IV
eq15,4.2,20.04,99.879,91.98,0.0005590761426663408,4.0,IV
eq15,4.2,20.066,99.886,94.86,0.0005213719902385346,4.0,IV
eq17,4.1,19.338,99.215,3.3,0.07114382858041561,2.0,II
eq17,4.1,19.388,98.937,32.7,0.0032403447103365834,2.0,II
eq18,4.1,19.372,99.202,17.28,0.01160437513085766,4.0,IV
eq18,4.1,18.772,98.977,20.6,0.008228540245168755,3.0,III
eq18,4.1,18.839,99.024,21.8,0.007613038926817484,4.0,IV
eq18,4.1,18.894,98.999,22.5,0.007613038926817484,4.0,IV
eq18,4.1,18.778,98.995,22.5,0.007613038926817484,4.0,IV
eq18,4.1,18.722,99.214,22.53,0.007063668840358696,2.0,II
eq18,4.1,18.803,98.993,22.63,0.007063668840358696,4.0,IV
eq18,4.1,18.799,99.009,24.11,0.006571446008762024,4.0,IV
eq18,4.1,18.751,98.935,24.2,0.006571446008762024,4.0,IV
eq18,4.1,18.906,99.045,25.0,0.006128835741315191,3.0,III
eq18,4.1,18.778,99.084,25.32,0.006128835741315191,4.0,IV
eq18,4.1,18.803,99.018,25.76,0.005729484121717007,3.0,III
eq18,4.1,18.805,99.031,26.09,0.005729484121717007,4.0,IV
eq18,4.1,18.851,99.046,26.09,0.005729484121717007,4.0,IV
eq18,4.1,18.749,99.002,26.09,0.005729484121717007,4.0,IV
eq18,4.1,18.851,99.046,26.68,0.005368005371372128,4.0,IV
eq18,4.1,18.802,99.066,26.98,0.005368005371372128,4.0,IV
eq18,4.1,18.737,98.969,27.06,0.005368005371372128,3.0,III
eq18,4.1,18.688,98.917,28.06,0.005039812246169756,4.0,IV
eq18,4.1,18.857,99.009,28.06,0.005039812246169756,4.0,IV
eq18,4.1,19.17,99.513,29.48,0.004740979841860865,4.0,IV
eq18,4.1,18.857,99.009,30.47,0.004468135530977808,4.0,IV
eq18,4.1,18.839,99.103,30.49,0.004468135530977808,4.0,IV
eq18,4.1,18.857,99.009,31.44,0.004218369484049427,2.0,II
eq18,4.1,18.871,99.025,32.2,0.003989161513687941,4.0,IV
eq18,4.1,18.901,99.011,32.44,0.003989161513687941,3.0,III
eq18,4.1,18.798,98.985,35.12,0.003404337251634943,2.0,II
eq18,4.1,18.809,99.016,37.44,0.003083794209532041,2.0,II
eq18,4.1,18.786,98.973,40.38,0.002682380129774706,4.0,IV
eq18,4.1,18.799,99.009,42.63,0.002355069184494882,2.0,II
eq18,4.1,18.833,99.035,52.26,0.001665906154013401,3.0,III
eq19,4.1,18.785,99.1,0.9,0.110769009671046,4.0,IV
eq19,4.1,18.785,99.099,0.97,0.1107690096710463,4.0,IV
eq19,4.1,18.792,99.093,1.35,0.1107690096710463,4.0,IV
eq19,4.1,18.798,99.095,1.41,0.1107690096710463,7.0,VII
eq19,4.1,18.798,99.095,1.41,0.1107690096710463,3.0,III
eq19,4.1,18.779,99.125,2.39,0.08539820410725853,3.0,III
eq19,4.1,18.786,99.083,2.42,0.08539820410725853,4.0,IV
eq19,4.1,18.792,99.129,2.43,0.08539820410725853,4.0,IV
eq19,4.1,18.808,99.12,2.53,0.06759294289945536,4.0,IV
eq19,4.1,18.78,99.13,2.73,0.06759294289945536,4.0,IV
eq19,4.1,18.762,99.096,3.29,0.06759294289945536,4.0,IV
eq19,4.1,18.781,99.071,3.85,0.05465892789989324,3.0,III
eq19,4.1,18.758,99.08,4.5,0.05465892789989324,3.0,III
eq19,4.1,18.817,99.074,4.56,0.04499473680360254,5.0,V
eq19,4.1,18.829,99.126,4.8,0.04499473680360254,4.0,IV
eq19,4.1,18.747,99.107,4.83,0.04499473680360254,4.0,IV
eq19,4.1,18.747,99.107,4.83,0.04499473680360254,3.0,III
eq19,4.1,18.825,99.077,4.91,0.04499473680360254,4.0,IV
eq19,4.1,18.827,99.07,5.6,0.03760194590805481,4.0,IV
eq19,4.1,18.779,99.048,6.25,0.03760194590805481,3.0,III
eq19,4.1,18.737,99.085,6.32,0.03760194590805481,4.0,IV
eq19,4.1,18.737,99.085,6.32,0.03760194590805481,2.0,II
eq19,4.1,18.833,99.064,6.47,0.03760194590805481,4.0,IV
eq19,4.1,18.819,99.052,6.5,0.03760194590805481,4.0,IV
eq19,4.1,18.831,99.06,6.67,0.03183295786706926,4.0,IV
eq19,4.1,18.736,99.076,6.8,0.03183295786706926,4.0,IV
eq19,4.1,18.823,99.049,7.03,0.03183295786706926,4.0,IV
eq19,4.1,18.73,99.086,7.03,0.03183295786706926,4.0,IV
eq19,4.1,18.842,99.067,7.04,0.03183295786706926,4.0,IV
eq19,4.1,18.839,99.062,7.17,0.03183295786706926,3.0,III
eq19,4.1,18.809,99.041,7.18,0.03183295786706926,4.0,IV
eq19,4.1,18.809,99.041,7.18,0.03183295786706926,3.0,III
eq19,4.1,18.801,99.039,7.19,0.03183295786706926,4.0,IV
eq19,4.1,18.785,99.035,7.49,0.03183295786706926,3.0,III
eq19,4.1,18.767,99.039,7.49,0.03183295786706926,4.0,IV
eq19,4.1,18.724,99.121,7.52,0.02725349901629432,4.0,IV
eq19,4.1,18.788,99.034,7.56,0.02725349901629432,4.0,IV
eq19,4.1,18.721,99.104,7.67,0.02725349901629432,4.0,IV
eq19,4.1,18.783,99.179,7.7,0.02725349901629432,4.0,IV
eq19,4.1,18.8,99.033,7.76,0.02725349901629432,4.0,IV
eq19,4.1,18.786,99.03,7.98,0.02725349901629432,3.0,III
eq19,4.1,18.737,99.158,8.05,0.02725349901629432,3.0,III
eq19,4.1,18.759,99.037,8.08,0.02725349901629432,4.0,IV
eq19,4.1,18.821,99.034,8.38,0.02725349901629432,4.0,IV
eq19,4.1,18.852,99.061,8.38,0.02725349901629432,4.0,IV
eq19,4.1,18.789,99.026,8.4,0.02725349901629432,4.0,IV
eq19,4.1,18.82,99.032,8.41,0.02725349901629432,3.0,III
eq19,4.1,18.82,99.032,8.41,0.02725349901629432,4.0,IV
eq19,4.1,18.714,99.111,8.5,0.02725349901629432,4.0,IV
eq19,4.1,18.794,99.025,8.58,0.0235639449128475,4.0,IV
eq19,4.1,18.776,99.025,8.66,0.0235639449128475,3.0,III
eq19,4.1,18.835,99.036,8.9,0.0235639449128475,3.0,III
eq19,4.1,18.801,99.022,8.94,0.0235639449128475,4.0,IV
eq19,4.1,18.855,99.053,9.13,0.0235639449128475,4.0,IV
eq19,4.1,18.765,99.021,9.33,0.0235639449128475,4.0,IV
eq19,4.1,18.784,99.017,9.42,0.0235639449128475,4.0,IV
eq19,4.1,18.808,99.017,9.58,0.02055242653162037,4.0,IV
eq19,4.1,18.871,99.138,9.62,0.02055242653162037,5.0,V
eq19,4.1,18.761,99.019,9.69,0.02055242653162037,3.0,III
eq19,4.1,18.832,99.024,9.81,0.02055242653162037,3.0,III
eq19,4.1,18.856,99.043,9.89,0.02055242653162037,4.0,IV
eq19,4.1,18.843,99.03,9.95,0.02055242653162037,4.0,IV
eq19,4.1,18.759,99.017,10.01,0.02055242653162037,4.0,IV
eq19,4.1,18.81,99.011,10.21,0.02055242653162037,4.0,IV
eq19,4.1,18.761,99.014,10.23,0.02055242653162037,4.0,IV
eq19,4.1,18.809,99.01,10.28,0.02055242653162037,4.0,IV
eq19,4.1,18.815,99.012,10.29,0.02055242653162037,4.0,IV
eq19,4.1,18.757,99.014,10.37,0.02055242653162037,4.0,IV
eq19,4.1,18.746,99.019,10.41,0.02055242653162037,4.0,IV
eq19,4.1,18.787,99.007,10.43,0.02055242653162037,4.0,IV
eq19,4.1,18.787,99.007,10.43,0.02055242653162037,3.0,III
eq19,4.1,18.696,99.105,10.49,0.02055242653162037,3.0,III
eq19,4.1,18.753,99.014,10.5,0.02055242653162037,3.0,III
eq19,4.1,18.753,99.014,10.5,0.02055242653162037,4.0,IV
eq19,4.1,18.75,99.015,10.57,0.0180658783031465,4.0,IV
eq19,4.1,18.75,99.015,10.57,0.0180658783031465,3.0,III
eq19,4.1,18.738,99.021,10.68,0.0180658783031465,3.0,III
eq19,4.1,18.828,99.013,10.69,0.0180658783031465,4.0,IV
eq19,4.1,18.812,99.005,10.93,0.0180658783031465,3.0,III
eq19,4.1,18.726,99.027,10.98,0.0180658783031465,4.0,IV
eq19,4.1,18.726,99.027,10.98,0.0180658783031465,3.0,III
eq19,4.1,18.752,99.009,11.08,0.0180658783031465,4.0,IV
eq19,4.1,18.727,99.023,11.25,0.0180658783031465,2.0,II
eq19,4.1,18.787,98.997,11.46,0.0180658783031465,4.0,IV
eq19,4.1,18.711,99.036,11.5,0.01599160773293416,4.0,IV
eq19,4.1,18.791,98.997,11.51,0.01599160773293416,4.0,IV
eq19,4.1,18.736,99.202,11.8,0.01599160773293416,4.0,IV
eq19,4.1,18.763,98.997,11.85,0.01599160773293416,4.0,IV
eq19,4.1,18.76,98.997,11.92,0.01599160773293416,4.0,IV
eq19,4.1,18.776,98.991,12.19,0.01599160773293416,4.0,IV
eq19,4.1,18.714,99.021,12.3,0.01599160773293416,4.0,IV
eq19,4.1,18.804,98.99,12.35,0.01599160773293416,4.0,IV
eq19,4.1,18.805,98.989,12.4,0.01599160773293416,4.0,IV
eq19,4.1,18.697,99.041,12.44,0.01599160773293416,3.0,III
eq19,4.1,18.806,98.988,12.54,0.0142452432289189,2.0,II
eq19,4.1,18.84,98.999,12.59,0.0142452432289189,2.0,II
eq19,4.1,18.788,98.986,12.65,0.0142452432289189,3.0,III
eq19,4.1,18.796,98.986,12.68,0.0142452432289189,4.0,IV
eq19,4.1,18.793,98.984,12.86,0.0142452432289189,4.0,IV
eq19,4.1,18.775,98.984,12.99,0.0142452432289189,3.0,III
eq19,4.1,18.731,98.998,13.11,0.0142452432289189,4.0,IV
eq19,4.1,18.771,98.983,13.11,0.0142452432289189,3.0,III
eq19,4.1,18.789,98.981,13.12,0.0142452432289189,4.0,IV
eq19,4.1,18.793,98.98,13.28,0.0142452432289189,4.0,IV
eq19,4.1,18.737,98.992,13.34,0.0142452432289189,4.0,IV
eq19,4.1,18.729,98.996,13.45,0.0142452432289189,3.0,III
eq19,4.1,18.719,99.002,13.49,0.0142452432289189,4.0,IV
eq19,4.1,18.825,98.982,13.67,0.01276266298377596,4.0,IV
eq19,4.1,18.887,99.025,13.71,0.01276266298377596,3.0,III
eq19,4.1,18.79,98.974,13.89,0.01276266298377596,3.0,III
eq19,4.1,18.789,98.973,13.97,0.01276266298377596,4.0,IV
eq19,4.1,18.764,98.976,13.98,0.01276266298377596,4.0,IV
eq19,4.1,18.886,99.017,14.19,0.01276266298377596,3.0,III
eq19,4.1,18.817,98.974,14.19,0.01276266298377596,4.0,IV
eq19,4.1,18.736,98.983,14.28,0.01276266298377596,3.0,III
eq19,4.1,18.736,98.983,14.28,0.01276266298377596,4.0,IV
eq19,4.1,18.804,98.971,14.34,0.01276266298377596,4.0,IV
eq19,4.1,18.789,98.969,14.39,0.01276266298377596,4.0,IV
eq19,4.1,18.772,98.969,14.55,0.01149447393081525,4.0,IV
eq19,4.1,18.662,99.142,14.69,0.01149447393081525,2.0,II
eq19,4.1,18.79,98.966,14.74,0.01149447393081525,4.0,IV
eq19,4.1,18.716,98.986,15.13,0.01149447393081525,4.0,IV
eq19,4.1,18.815,98.963,15.31,0.01149447393081525,4.0,IV
eq19,4.1,18.75,99.246,15.39,0.01149447393081525,4.0,IV
eq19,4.1,18.892,99.003,15.71,0.01040216243011225,4.0,IV
eq19,4.1,18.787,98.955,15.89,0.01040216243011225,4.0,IV
eq19,4.1,18.771,98.953,16.24,0.01040216243011225,4.0,IV
eq19,4.1,18.656,99.044,16.33,0.01040216243011225,4.0,IV
eq19,4.1,18.711,99.237,16.39,0.01040216243011225,3.0,III
eq19,4.1,18.792,98.95,16.45,0.01040216243011225,4.0,IV
eq19,4.1,18.792,98.95,16.45,0.01040216243011225,3.0,III
eq19,4.1,18.832,98.955,16.58,0.009455363942678425,2.0,II
eq19,4.1,18.775,98.949,16.64,0.009455363942678425,4.0,IV
eq19,4.1,18.903,99.002,16.68,0.009455363942678425,4.0,IV
eq19,4.1,18.774,98.942,17.36,0.009455363942678425,4.0,IV
eq19,4.1,18.718,98.958,17.52,0.0086298959504035,3.0,III
eq19,4.1,18.884,98.97,17.74,0.0086298959504035,4.0,IV
eq19,4.1,18.633,99.144,17.86,0.0086298959504035,3.0,III
eq19,4.1,18.698,98.964,18.14,0.0086298959504035,4.0,IV
eq19,4.1,18.652,99.013,18.18,0.0086298959504035,2.0,II
eq19,4.1,18.919,98.997,18.33,0.0086298959504035,4.0,IV
eq19,4.1,18.736,98.939,18.53,0.007906320462321793,4.0,IV
eq19,4.1,18.673,98.979,18.69,0.007906320462321793,3.0,III
eq19,4.1,18.921,98.994,18.72,0.007906320462321793,4.0,IV
eq19,4.1,18.737,98.935,18.92,0.007906320462321793,4.0,IV
eq19,4.1,18.913,98.979,19.09,0.007906320462321793,3.0,III
eq19,4.1,18.947,99.033,19.1,0.007906320462321793,3.0,III
eq19,4.1,18.964,99.123,19.48,0.007906320462321793,4.0,IV
eq19,4.1,18.79,98.92,19.58,0.007268879766433008,4.0,IV
eq19,4.1,18.932,99.226,20.24,0.007268879766433008,4.0,IV
eq19,4.1,18.629,99.013,20.38,0.007268879766433008,4.0,IV
eq19,4.1,18.629,99.013,20.38,0.007268879766433008,3.0,III
eq19,4.1,18.629,99.013,20.45,0.007268879766433008,3.0,III
eq19,4.1,18.803,99.308,21.27,0.006704699034431889,3.0,III
eq19,4.1,18.915,98.951,21.46,0.006704699034431889,4.0,IV
eq19,4.1,18.7,98.923,21.77,0.006203182243860904,4.0,IV
eq19,4.1,18.59,99.126,22.35,0.006203182243860904,4.0,IV
eq19,4.1,18.697,98.916,22.49,0.006203182243860904,4.0,IV
eq19,4.1,18.691,98.919,22.56,0.005755549859685751,2.0,II
eq19,4.1,18.706,98.909,22.75,0.005755549859685751,4.0,IV
eq19,4.1,18.551,99.079,26.69,0.004373905863970869,2.0,II
eq19,4.1,18.551,99.079,26.69,0.004373905863970869,3.0,III
eq19,4.1,18.554,98.975,29.63,0.003640682683401441,3.0,III
eq19,4.1,18.619,98.879,30.48,0.003640682683401441,4.0,IV
eq19,4.1,18.608,98.77,40.75,0.002090823566647364,3.0,III
eq19,4.1,19.148,99.019,40.81,0.002090823566647364,4.0,IV
eq19,4.1,19.169,98.949,45.26,0.001767482507686092,4.0,IV
eq19,4.1,19.19,98.861,51.33,0.001406750410436284,4.0,IV
eq19,4.1,19.301,100.04,113.52,0.0002694660593274147,4.0,IV
eq19,4.1,18.041,99.909,118.74,0.000242304485571288,4.0,IV
eq19,4.1,17.473,99.747,161.31,0.0001043614575037124,2.0,II
eq2,4.9,14.785,99.035,17.06,0.0338437118116602,4.0,IV
eq2,4.9,14.817,99.002,17.49,0.0338437118116602,3.0,III
eq2,4.9,14.781,99.301,21.8,0.0149918654381641,4.0,IV
eq2,4.9,15.111,99.39,35.66,0.0105920717881731,4.0,IV
eq2,4.9,14.899,99.497,38.4,0.00970248274613957,4.0,IV
eq2,4.9,14.692,99.436,39.38,0.00930112283152673,3.0,III
eq2,4.9,15.058,99.472,39.76,0.00892535764371758,4.0,IV
eq2,4.9,14.834,98.759,41.61,0.00824208566479889,4.0,IV
eq2,4.9,14.563,99.349,43.66,0.00763772751175448,2.0,II
eq2,4.9,14.629,99.449,44.81,0.00736126884775075,4.0,IV
eq2,4.9,14.63,99.448,44.71,0.00736126884775075,4.0,IV
eq2,4.9,14.813,99.553,45.48,0.00736126884775075,4.0,IV
eq2,4.9,14.637,99.535,51.56,0.00579826775010823,3.0,III
eq2,4.9,14.411,99.127,54.35,0.00544521597920163,3.0,III
eq2,4.9,14.489,98.858,54.87,0.00528090268997376,4.0,IV
eq2,4.9,14.489,98.854,55.11,0.00528090268997376,4.0,IV
eq2,4.9,14.489,98.846,55.55,0.00512403225712303,3.0,III
eq2,4.9,14.75,98.627,57.55,0.0048307720701714,4.0,IV
eq2,4.9,14.61,99.678,66.18,0.00387707531393414,4.0,IV
eq2,4.9,14.322,99.472,73.49,0.00325202594597888,4.0,IV
eq2,4.9,14.975,99.839,75.52,0.00302739382005861,4.0,IV
eq2,4.9,15.549,99.414,77.94,0.00288945667621378,4.0,IV
eq2,4.9,14.487,99.744,79.6,0.00276000733030255,3.0,III
eq2,4.9,15.557,99.569,86.34,0.00241574809396704,4.0,IV
eq2,4.9,14.108,99.419,93.01,0.00208232038033943,3.0,III
eq2,4.9,14.446,99.881,94.38,0.00203966843017913,2.0,II
eq2,4.9,15.602,99.669,96.52,0.00191822581251228,4.0,IV
eq2,4.9,14.052,99.401,98.38,0.00187979117019198,3.0,III
eq2,4.9,14.374,99.89,99.7,0.00180578436871194,4.0,IV
eq2,4.9,14.046,99.423,99.76,0.00180578436871194,4.0,IV
eq2,4.9,14.045,99.423,99.83,0.00180578436871194,4.0,IV
eq2,4.9,14.373,99.891,99.83,0.00180578436871194,4.0,IV
eq2,4.9,15.602,99.745,101.49,0.00177014867071569,4.0,IV
eq2,4.9,14.057,99.526,102.56,0.00170146427982529,3.0,III
eq2,4.9,14.038,99.495,103.2,0.00170146427982529,4.0,IV
eq2,4.9,14.038,99.506,103.67,0.00166836008449975,4.0,IV
eq2,4.9,14.038,99.507,103.7,0.00166836008449975,4.0,IV
eq2,4.9,14.122,99.684,104.42,0.00166836008449975,4.0,IV
eq2,4.9,14.014,99.551,108.01,0.00154360280460129,4.0,IV
eq2,4.9,13.96,99.404,108.28,0.00154360280460129,4.0,IV
eq2,4.9,14.0,99.545,109.12,0.00151421153743959,2.0,II
eq2,4.9,15.385,100.024,109.17,0.00151421153743959,3.0,III
eq2,4.9,15.458,99.985,109.94,0.00148549607314005,2.0,II
eq2,4.9,14.011,99.651,113.14,0.00140320655947145,4.0,IV
eq2,4.9,15.623,99.89,113.71,0.00137700020323903,2.0,II
eq2,4.9,14.609,100.176,116.01,0.00132631827952733,4.0,IV
eq2,4.9,13.969,99.691,119.33,0.00125438290133838,4.0,IV
eq2,4.9,13.853,99.409,119.98,0.00123143465201859,4.0,IV
eq2,4.9,15.159,100.236,121.2,0.00120897816304554,4.0,IV
eq2,4.9,14.225,100.028,121.49,0.00120897816304554,4.0,IV
eq2,4.9,15.811,99.766,121.52,0.00118700017524243,4.0,IV
eq2,4.9,13.881,99.585,123.01,0.00116548789624483,4.0,IV
eq2,4.9,13.881,99.588,123.16,0.00116548789624483,4.0,IV
eq2,4.9,13.881,99.786,127.07,0.00108385521806389,4.0,IV
eq2,4.9,16.029,98.946,127.28,0.00108385521806389,4.0,IV
eq2,4.9,13.943,99.791,127.41,0.00108385521806389,4.0,IV
eq2,4.9,13.941,99.789,127.44,0.00108385521806389,4.0,IV
eq2,4.9,13.941,99.791,127.6,0.00106449453186948,4.0,IV
eq2,4.9,14.048,99.945,128.4,0.00106449453186948,2.0,II
eq2,4.9,13.914,99.765,128.62,0.00104553150627509,4.0,IV
eq2,4.9,14.048,99.949,128.65,0.00104553150627509,2.0,II
eq2,4.9,13.914,99.766,128.7,0.00104553150627509,4.0,IV
eq2,4.9,15.736,100.043,134.27,0.000956340638227593,4.0,IV
eq2,4.9,14.007,99.988,134.96,0.000939563476879122,4.0,IV
eq2,4.9,16.066,98.769,135.65,0.000923120033126569,4.0,IV
eq2,4.9,15.705,100.115,137.62,0.000891202450069126,4.0,IV
eq2,4.9,15.701,100.118,137.66,0.000891202450069126,2.0,II
eq2,4.9,15.703,100.121,138.03,0.000891202450069126,2.0,II
eq2,4.9,15.701,100.127,138.36,0.000891202450069126,4.0,IV
eq2,4.9,13.83,99.871,142.72,0.000831034776923067,4.0,IV
eq2,4.9,14.953,100.479,144.0,0.000802672703031221,4.0,IV
eq2,4.9,13.838,100.012,150.86,0.000723867128003474,4.0,IV
eq2,4.9,13.741,99.916,153.62,0.000676113234416096,4.0,IV
eq2,4.9,13.824,100.036,153.72,0.000676113234416096,4.0,IV
eq2,4.9,14.36,100.519,160.08,0.000610860747668416,2.0,II
eq2,4.9,13.577,99.744,160.89,0.000600672569619089,3.0,III
eq2,4.9,13.576,99.747,161.12,0.000600672569619089,4.0,IV
eq2,4.9,13.766,100.114,164.07,0.000571205280488242,3.0,III
eq2,4.9,13.547,99.798,166.3,0.000552437366268026,3.0,III
eq2,4.9,13.541,99.824,168.14,0.000534337790151147,4.0,IV
eq2,4.9,13.937,100.398,172.7,0.000491839310886241,3.0,III
eq2,4.9,13.783,100.321,177.74,0.000452966284355684,4.0,IV
eq2,4.9,13.918,100.497,182.5,0.000417375275469434,4.0,IV
eq2,4.9,13.822,100.421,182.8,0.000417375275469434,4.0,IV
eq2,4.9,13.818,100.445,185.09,0.000403988188744,2.0,II
eq2,4.9,13.867,100.494,185.64,0.000397467409747983,2.0,II
eq2,4.9,13.789,100.429,185.81,0.000397467409747983,4.0,IV
eq2,4.9,13.802,100.452,186.83,0.000391058882747402,4.0,IV
eq2,4.9,13.743,100.408,187.7,0.000384760474943278,2.0,II
eq2,4.9,13.717,100.516,198.2,0.000327395656171896,3.0,III
eq2,4.9,13.651,100.496,201.58,0.000307055058563803,4.0,IV
eq2,4.9,13.685,100.535,202.14,0.000307055058563803,4.0,IV
eq2,4.9,13.692,100.67,212.69,0.000257700318710244,4.0,IV
eq2,4.9,16.494,100.5,229.3,0.000200258778853584,4.0,IV
eq21,4.0,9.966,98.641,15.52,0.007824744670390831,4.0,IV
eq21,4.0,9.992,98.651,18.63,0.005936484864244527,3.0,III
eq23,4.0,7.968,98.583,11.02,0.0143651340689388,2.0,II
eq23,4.0,7.885,98.427,15.85,0.00823580494703231,4.0,IV
eq23,4.0,7.881,98.405,18.22,0.006824023219001791,4.0,IV
eq23,4.0,7.883,98.39,19.83,0.005741574916710009,4.0,IV
eq23,4.0,7.91,98.394,19.95,0.005741574916710009,4.0,IV
eq23,4.0,7.893,98.388,20.17,0.005741574916710009,3.0,III
eq23,4.0,7.904,98.388,20.35,0.005741574916710009,4.0,IV
eq23,4.0,7.921,98.386,21.07,0.005293349690746489,3.0,III
eq23,4.0,7.894,98.353,24.06,0.004221896496082709,4.0,IV
eq23,4.0,8.023,98.401,25.17,0.003936033933605445,4.0,IV
eq23,4.0,8.007,98.349,28.65,0.003040664514552676,4.0,IV
eq23,4.0,8.181,98.299,45.67,0.00133192634877085,4.0,IV
eq24,4.0,18.656,98.682,11.44,0.0216369829762275,2.0,II
eq24,4.0,18.674,98.673,11.45,0.0216369829762275,2.0,II
eq24,4.0,18.469,98.611,17.06,0.0112684257299789,7.0,VII
eq25,4.0,19.567,99.581,0.74,0.122663137992769,3.0,III
eq25,4.0,19.567,99.581,0.74,0.1226631379927694,3.0,III
eq25,4.0,19.494,99.567,7.5,0.02957876105125259,4.0,IV
eq25,4.0,19.544,99.688,11.45,0.01953102106537367,4.0,IV
eq25,4.0,19.506,99.742,18.03,0.009278029749065156,2.0,II
eq25,4.0,19.729,99.594,18.85,0.008495334959248592,2.0,II
eq25,4.0,19.609,99.781,21.78,0.006655525028316079,3.0,III
eq25,4.0,19.338,99.506,25.81,0.005000977168354707,4.0,IV
eq25,4.0,19.719,99.347,30.11,0.003895060479798801,3.0,III
eq25,4.0,19.807,99.716,30.94,0.00367629643730084,4.0,IV
eq25,4.0,19.692,99.858,32.61,0.003291065921620007,2.0,II
eq25,4.0,19.844,99.711,34.42,0.003120980938937601,4.0,IV
eq25,4.0,19.72,99.288,35.39,0.002963880178088668,3.0,III
eq25,4.0,19.239,99.476,37.31,0.002683612217114456,2.0,II
eq25,4.0,19.2,99.506,40.72,0.002231247889789153,3.0,III
eq25,4.0,19.2,99.506,40.72,0.002231247889789153,4.0,IV
eq25,4.0,19.886,99.832,44.88,0.001884868808644474,3.0,III
eq25,4.0,19.272,99.276,45.19,0.001884868808644474,2.0,II
eq25,4.0,19.158,99.485,45.8,0.001810904196962465,4.0,IV
eq25,4.0,19.158,99.485,45.8,0.001810904196962465,3.0,III
eq25,4.0,19.151,99.698,47.15,0.00174119820353251,4.0,IV
eq25,4.0,19.841,99.218,49.1,0.001613274045166469,2.0,II
eq25,4.0,19.9,99.172,57.04,0.001218927240691401,3.0,III
eq25,4.0,19.288,98.88,79.36,0.0006455503631873375,2.0,II
eq25,4.0,18.895,99.008,95.27,0.0004363279153205965,4.0,IV
eq25,4.0,18.947,98.868,101.11,0.0003801805337245918,2.0,II
eq25,4.0,18.755,99.007,107.87,0.0003252662144473341,4.0,IV
eq25,4.0,18.397,99.351,131.53,0.000195964484870307,2.0,II
eq25,4.0,18.672,97.842,207.6,4.556372888719639e-05,2.0,II
eq25,4.0,18.066,98.337,211.48,4.312086031487225e-05,2.0,II
eq26,4.0,19.15,99.617,11.15,0.01436513406893877,3.0,III
eq26,4.0,19.151,99.592,11.74,0.01270263970351749,2.0,II
eq26,4.0,19.357,99.594,12.48,0.01270263970351749,4.0,IV
eq26,4.0,19.127,99.709,15.99,0.00823580494703231,4.0,IV
eq26,4.0,19.272,99.441,20.01,0.005741574916710009,4.0,IV
eq26,4.0,19.028,99.894,37.08,0.001973806139415662,4.0,IV
eq26,4.0,19.096,99.286,39.94,0.001715830504649083,4.0,IV
eq26,4.0,19.61,99.518,41.7,0.001571161141302072,4.0,IV
eq26,4.0,19.244,99.111,54.46,0.0009917077418405927,2.0,II
eq26,4.0,19.293,99.096,56.23,0.0009267227979518989,4.0,IV
eq26,4.0,18.842,99.033,77.49,0.0005002326573581575,3.0,III
eq26,4.0,18.809,99.0,82.45,0.0004397376021224221,4.0,IV
eq26,4.0,18.802,99.0,82.84,0.0004287972800445579,4.0,IV
eq26,4.0,20.04,99.877,91.6,0.0003443612768396033,4.0,IV
eq26,4.0,20.083,99.804,94.45,0.0003285090859817217,4.0,IV
eq27,4.0,15.157,98.45,5.8,0.03696963443263785,3.0,III
eq27,4.0,15.156,98.451,5.9,0.03696963443263785,4.0,IV
eq27,4.0,15.155,98.454,6.3,0.03696963443263785,4.0,IV
eq27,4.0,15.151,98.454,6.6,0.031238002631523803,4.0,IV
eq28,3.9,20.006,99.817,42.26,0.00202518848121823,2.0,II
eq28,3.9,20.197,99.898,65.11,0.000898765621469205,4.0,IV
eq3,4.9,19.223,99.626,3.08,0.2218496156133161,7.0,VII
eq3,4.9,19.302,99.619,5.83,0.13456353877994945,7.0,VII
eq3,4.9,19.176,99.616,8.2,0.10161942928782508,7.0,VII
eq3,4.9,19.175,99.65,8.91,0.08939741675903688,7.0,VII
eq3,4.9,19.147,99.617,11.49,0.0706194978352912,4.0,IV
eq3,4.9,19.364,99.503,17.65,0.03632871371692105,4.0,IV
eq3,4.9,19.501,99.646,28.1,0.018482750394394152,4.0,IV
eq3,4.9,19.201,99.896,29.5,0.016561304890168174,2.0,II
eq3,4.9,19.167,99.904,31.25,0.01571524956234962,4.0,IV
eq3,4.9,19.166,99.916,32.47,0.014935061427993931,4.0,IV
eq3,4.9,19.535,99.742,34.17,0.013546312589386602,4.0,IV
eq3,4.9,19.179,99.286,36.01,0.012350613979234405,4.0,IV
eq3,4.9,19.031,99.891,37.43,0.011814024560870877,3.0,III
eq3,4.9,19.031,99.891,37.43,0.011814024560870877,4.0,IV
eq3,4.9,19.645,99.529,44.97,0.008583418971673517,2.0,II
eq3,4.9,19.183,98.951,70.78,0.003981959079550263,4.0,IV
eq3,4.9,19.882,99.807,73.02,0.0037919415495358054,2.0,II
eq3,4.9,18.908,99.027,73.1,0.0037919415495358054,4.0,IV
eq3,4.9,18.982,98.978,73.85,0.003701700433947578,4.0,IV
eq3,4.9,19.892,99.82,74.45,0.003701700433947578,4.0,IV
eq3,4.9,18.895,99.011,75.27,0.0036144377460123043,4.0,IV
eq3,4.9,18.89,99.002,76.31,0.003530015013343542,2.0,II
eq3,4.9,19.919,99.885,79.45,0.003292524277648604,3.0,III
eq3,4.9,18.795,99.033,79.84,0.003218235846407851,3.0,III
eq3,4.9,18.783,99.039,80.16,0.003218235846407851,4.0,IV
eq3,4.9,18.798,99.025,80.3,0.003218235846407851,4.0,IV
eq3,4.9,18.789,99.026,80.81,0.0031462095481481493,4.0,IV
eq3,4.9,18.766,99.037,81.62,0.003076349086383702,4.0,IV
eq3,4.9,18.782,99.011,82.54,0.003008563565996157,4.0,IV
eq3,4.9,18.749,99.039,82.68,0.003008563565996157,2.0,II
eq3,4.9,18.807,98.986,82.93,0.003008563565996157,4.0,IV
eq3,4.9,18.805,98.985,83.19,0.003008563565996157,3.0,III
eq3,4.9,18.797,98.976,84.43,0.0029427671246361497,3.0,III
eq3,4.9,18.762,98.995,85.23,0.002878878593157002,3.0,III
eq3,4.9,18.796,98.953,86.45,0.002816821182516183,4.0,IV
eq3,4.9,18.611,99.031,94.31,0.0023783031243142945,4.0,IV
eq3,4.9,18.359,99.513,99.7,0.0021055886056776103,4.0,IV
eq3,4.9,20.101,100.403,125.45,0.001310391617282707,2.0,II
eq3,4.9,18.095,98.59,168.06,0.0006230508924649384,4.0,IV
eq30,3.9,16.011,98.742,10.81,0.0130802517469499,3.0,III
eq31,3.9,18.509,98.354,16.1,0.006087563434209891,2.0,II
eq31,3.9,19.362,98.437,90.51,0.00025800423045151604,4.0,IV
eq32,3.9,18.32,100.71,17.03,0.00612268839732926,4.0,IV
eq32,3.9,18.3,100.67,21.02,0.00432412457573769,4.0,IV
eq32,3.9,18.63,100.51,48.96,0.000963994861637022,3.0,III
eq32,3.9,18.67,100.54,49.3,0.000963994861637022,4.0,IV
eq32,3.9,18.65,100.71,37.79,0.00153073583912507,4.0,IV
eq33,3.9,17.482,98.074,3.19,0.041063208808583294,2.0,II
eq33,3.9,17.448,98.207,15.1,0.006735708529457482,2.0,II
eq34,3.9,17.616,101.727,5.12,0.03318075137829195,7.0,VII
eq34,3.9,17.579,101.735,7.86,0.01987797729485512,2.0,II
eq34,3.9,17.602,101.601,8.8,0.01713965356393021,2.0,II
eq34,3.9,17.544,101.71,9.7,0.01491284907297397,2.0,II
eq34,3.9,17.544,101.71,9.7,0.01491284907297397,4.0,IV
eq34,3.9,17.539,101.651,10.19,0.01491284907297397,4.0,IV
eq34,3.9,17.539,101.719,10.58,0.01308025174694987,3.0,III
eq34,3.9,17.527,101.707,11.36,0.01308025174694987,2.0,II
eq34,3.9,17.529,101.779,15.02,0.008266597565339288,2.0,II
eq34,3.9,17.494,101.732,15.68,0.007471142322148714,2.0,II
eq34,3.9,17.488,101.714,15.8,0.007471142322148714,4.0,IV
eq34,3.9,17.488,101.718,15.91,0.007471142322148714,4.0,IV
eq34,3.9,17.601,101.849,18.13,0.006183786649310049,2.0,II
eq35,3.8,7.956,98.521,7.39,0.0451468872100876,4.0,IV
eq35,3.8,7.882,98.405,12.68,0.01979905020156313,2.0,II
eq35,3.8,7.89,98.403,12.88,0.01979905020156313,4.0,IV
eq35,3.8,7.871,98.396,13.79,0.01769857796255287,4.0,IV
eq35,3.8,7.909,98.388,14.73,0.01590730664677821,2.0,II
eq35,3.8,7.937,98.392,15.02,0.01590730664677821,4.0,IV
eq35,3.8,7.919,98.381,15.6,0.01436871810277465,2.0,II
eq35,3.8,7.911,98.372,16.48,0.01436871810277465,4.0,IV
eq35,3.8,7.941,98.379,16.56,0.01303845818035705,4.0,IV
eq35,3.8,7.951,98.381,16.7,0.01303845818035705,4.0,IV
eq35,3.8,7.931,98.366,17.57,0.01188135139279833,3.0,III
eq35,3.8,7.899,98.359,17.77,0.01188135139279833,4.0,IV
eq35,3.8,7.958,98.371,18.01,0.01188135139279833,4.0,IV
eq35,3.8,7.946,98.363,18.34,0.01188135139279833,3.0,III
eq35,3.8,7.946,98.363,18.34,0.01188135139279833,2.0,II
eq35,3.8,7.946,98.363,18.34,0.01188135139279833,4.0,IV
eq35,3.8,7.993,98.382,19.08,0.01086923234552958,4.0,IV
eq35,3.8,7.857,98.347,19.39,0.01086923234552958,3.0,III
eq35,3.8,7.881,98.34,19.83,0.009979349023712978,4.0,IV
eq35,3.8,7.898,98.335,20.34,0.009979349023712978,4.0,IV
eq35,3.8,7.895,98.334,20.46,0.009979349023712978,4.0,IV
eq35,3.8,7.859,98.335,20.64,0.009193172464196058,2.0,II
eq35,3.8,7.822,98.341,21.13,0.009193172464196058,2.0,II
eq35,3.8,7.919,98.316,22.72,0.007873767229207206,2.0,II
eq35,3.8,7.8,98.329,23.25,0.007873767229207206,4.0,IV
eq35,3.8,7.878,98.308,23.42,0.007873767229207206,4.0,IV
eq35,3.8,7.849,98.301,24.51,0.006818046412155276,2.0,II
eq35,3.8,7.956,98.275,27.95,0.005592047903444107,2.0,II
eq35,3.8,7.998,98.275,29.51,0.004950279858035004,2.0,II
eq35,3.8,7.886,98.245,30.31,0.004950279858035004,2.0,II
eq35,3.8,8.105,98.303,33.84,0.003960403283515556,4.0,IV
eq35,3.8,7.727,98.213,38.38,0.003242291222969724,4.0,IV
eq35,3.8,7.727,98.213,38.4,0.003242291222969724,3.0,III
eq35,3.8,7.727,98.213,38.4,0.003242291222969724,2.0,II
eq35,3.8,7.727,98.213,38.4,0.003242291222969724,4.0,IV
eq35,3.8,7.9,98.108,45.39,0.002384657967515285,4.0,IV
eq35,3.8,7.9,98.108,45.39,0.002384657967515285,2.0,II
eq35,3.8,7.839,97.78,81.73,0.0007529051705488906,3.0,III
eq36,3.8,17.615,101.693,2.15,0.05003223849022884,4.0,IV
eq36,3.8,17.561,101.708,5.29,0.02567697137187523,4.0,IV
eq36,3.8,17.545,101.702,6.5,0.02132875266704062,4.0,IV
eq36,3.8,17.544,101.71,7.04,0.01796313018554359,4.0,IV
eq36,3.8,17.539,101.719,7.98,0.01531009495664378,3.0,III
eq36,3.8,17.536,101.719,8.24,0.01531009495664378,4.0,IV
eq36,3.8,17.515,101.649,10.03,0.01146061429167175,3.0,III
eq36,3.8,17.509,101.721,11.01,0.0100430442989367,4.0,IV
eq36,3.8,17.582,101.567,12.13,0.0088654364585386,4.0,IV
eq36,3.8,17.641,101.571,12.43,0.0088654364585386,4.0,IV
eq36,3.8,17.709,101.651,12.5,0.0088654364585386,4.0,IV
eq36,3.8,17.488,101.72,13.19,0.00787768411730775,4.0,IV
eq36,3.8,17.492,101.733,13.29,0.00787768411730775,4.0,IV
eq36,3.8,17.485,101.642,13.37,0.00787768411730775,7.0,VII
eq36,3.8,17.485,101.725,13.63,0.007041944188995893,4.0,IV
eq36,3.8,17.453,101.732,17.27,0.005187766780523182,4.0,IV
eq36,3.8,17.766,101.701,18.58,0.004324671039469661,4.0,IV
eq36,3.8,17.68,101.495,21.56,0.003380205533126109,4.0,IV
eq36,3.8,17.544,101.38,32.38,0.001756102533140275,4.0,IV
eq36,3.8,17.625,101.09,62.58,0.0005062690286906633,4.0,IV
eq36,3.8,17.292,101.065,73.71,0.0003693744224083767,4.0,IV
eq37,3.8,19.307,97.964,18.4,0.005237111265280767,3.0,III
eq4,4.8,15.146,98.448,15.31,0.04009397540632255,2.0,II
eq4,4.8,15.147,98.436,15.66,0.03658346494534372,4.0,IV
eq4,4.8,15.128,98.346,18.66,0.02842042477096325,3.0,III
eq4,4.8,15.128,98.346,18.66,0.02842042477096325,4.0,IV
eq4,4.8,14.859,98.621,23.33,0.02119808732436798,2.0,II
eq4,4.8,14.859,98.621,23.33,0.02119808732436798,4.0,IV
eq4,4.8,14.799,98.597,27.1,0.01644316625534117,3.0,III
eq4,4.8,15.257,98.537,28.37,0.01551031357482614,2.0,II
eq4,4.8,15.257,98.537,28.37,0.01551031357482614,4.0,IV
eq4,4.8,15.257,98.537,28.37,0.01551031357482614,3.0,III
eq4,4.8,14.734,98.654,36.5,0.01029926446623376,4.0,IV
eq41,3.7,20.434,99.884,218.56,1.1315887223091093e-05,5.0,V
eq42,3.7,19.31,99.78,6.44,0.0162194850524538,3.0,III
eq42,3.7,19.38,99.78,11.66,0.00670075298696183,4.0,IV
eq42,3.7,19.38,99.79,11.71,0.00670075298696183,4.0,IV
eq43,3.7,19.655,99.542,9.72,0.00867563252541549,4.0,IV
eq43,3.7,19.642,99.525,9.87,0.00867563252541549,2.0,II
eq43,3.7,19.623,99.493,10.86,0.007596345339711987,3.0,III
eq43,3.7,19.577,99.491,15.99,0.004311338381721408,3.0,III
eq43,3.7,19.849,99.211,31.64,0.0013185447507575846,3.0,III
eq43,3.7,19.823,99.763,31.73,0.0013185447507575846,2.0,II
eq43,3.7,19.535,99.742,34.31,0.0011827877626511367,3.0,III
eq43,3.7,19.535,99.742,34.31,0.0011827877626511367,4.0,IV
eq43,3.7,19.883,99.194,35.02,0.0011227119788792812,2.0,II
eq43,3.7,19.913,99.179,38.11,0.0009678126821925577,4.0,IV
eq43,3.7,20.032,99.271,40.99,0.0008431224504094957,2.0,II
eq43,3.7,19.891,99.838,41.97,0.0008069132482817915,4.0,IV
eq43,3.7,19.909,99.834,42.62,0.000772998470359236,4.0,IV
eq43,3.7,19.454,99.041,54.63,0.0004904924322301488,3.0,III
eq44,3.7,19.239,99.632,5.58,0.0209515640622844,7.0,VII
eq44,3.7,19.336,99.635,8.71,0.0129053564461412,7.0,VII
eq44,3.7,19.153,99.591,12.98,0.0076863093798366,7.0,VII
eq44,3.7,19.158,99.649,13.92,0.00686682308646145,7.0,VII
eq44,3.7,19.15,99.674,15.93,0.00616853233222664,7.0,VII
eq44,3.7,18.977,99.6,32.57,0.0016119447084011,7.0,VII
eq45,3.7,14.888,99.376,21.38,0.0023611498548724904,4.0,IV
eq45,3.7,14.947,99.411,25.84,0.00163337010185141,4.0,IV
eq45,3.7,14.76,98.749,48.36,0.0005417662534256028,4.0,IV
eq45,3.7,14.172,99.234,80.51,0.00019719241630707202,4.0,IV
eq46,3.7,18.041,99.906,2.12,0.03464754785480017,4.0,IV
eq46,3.7,18.037,99.811,7.92,0.01048221055037783,4.0,IV
eq46,3.7,18.076,99.82,8.03,0.01048221055037783,4.0,IV
eq46,3.7,17.947,99.92,11.08,0.006856980985416287,4.0,IV
eq46,3.7,18.05,99.773,11.98,0.006048558058487465,4.0,IV
eq46,3.7,18.14,99.821,12.98,0.005371143046646472,3.0,III
eq46,3.7,17.986,100.052,18.57,0.002940257471411734,4.0,IV
eq46,3.7,18.161,100.009,18.62,0.002940257471411734,4.0,IV
eq46,3.7,17.989,99.712,19.23,0.002940257471411734,4.0,IV
eq46,3.7,18.149,99.737,19.87,0.002698590369854265,4.0,IV
eq46,3.7,18.085,100.106,23.73,0.001976475991789242,4.0,IV
eq46,3.7,18.148,100.15,30.33,0.001335375544420129,4.0,IV
eq46,3.7,18.172,100.184,34.72,0.001013436639199213,4.0,IV
eq46,3.7,17.839,100.236,43.31,0.0006977613017801692,4.0,IV
eq47,3.7,8.717,98.43,3.5,0.0227791206808336,4.0,IV
eq47,3.7,8.78,98.431,3.8,0.02277912068083364,4.0,IV
eq47,3.7,8.699,98.44,5.3,0.01858179403179004,3.0,III
eq47,3.7,8.713,98.397,5.8,0.01540994839446795,4.0,IV
eq47,3.7,8.704,98.404,6.1,0.01540994839446795,4.0,IV
eq47,3.7,8.687,98.407,7.5,0.01103287648903233,3.0,III
eq47,3.7,8.788,98.369,8.9,0.009491934647745136,3.0,III
eq47,3.7,8.838,98.462,10.4,0.008242619853445625,3.0,III
eq47,3.7,8.815,98.366,10.9,0.007217201365699915,4.0,IV
eq47,3.7,8.832,98.36,12.8,0.005653307339494256,4.0,IV
eq47,3.7,8.868,98.344,17.0,0.003715272596761156,4.0,IV
eq47,3.7,8.859,98.322,17.8,0.003384170916519373,4.0,IV
eq47,3.7,8.598,98.369,18.3,0.003384170916519373,3.0,III
eq47,3.7,8.764,98.265,19.0,0.003094719131249545,2.0,II
eq47,3.7,8.864,98.301,19.9,0.002840356440275944,3.0,III
eq47,3.7,8.703,98.262,20.0,0.002840356440275944,3.0,III
eq47,3.7,8.565,98.431,20.2,0.002840356440275944,4.0,IV
eq47,3.7,8.744,98.253,20.3,0.002840356440275944,2.0,II
eq47,3.7,8.743,98.253,20.3,0.002840356440275944,3.0,III
eq47,3.7,8.665,98.252,22.3,0.002416506215520469,2.0,II
eq47,3.7,9.149,98.357,45.5,0.0006490829333199675,4.0,IV
eq5,4.7,19.362,98.435,13.88,0.03539538171972133,4.0,IV
eq5,4.7,19.525,98.281,17.92,0.02457386205063688,4.0,IV
eq5,4.7,19.3,97.969,54.25,0.004064426696936892,4.0,IV
eq5,4.7,19.288,97.961,55.52,0.0038163731323561,4.0,IV
eq5,4.7,18.972,98.724,64.12,0.003019019250878362,2.0,II
eq5,4.7,18.848,98.565,71.99,0.002441621188521403,4.0,IV
eq5,4.7,18.78,98.436,78.52,0.002055312971322739,4.0,IV
eq5,4.7,18.838,98.89,85.8,0.001746967316994074,3.0,III
eq5,4.7,18.82,98.86,85.84,0.001746967316994074,4.0,IV
eq5,4.7,18.82,98.86,85.84,0.001746967316994074,3.0,III
eq5,4.7,18.79,98.838,87.61,0.001670163571543177,4.0,IV
eq5,4.7,18.895,99.009,88.32,0.001670163571543177,4.0,IV
eq5,4.7,18.806,98.916,90.23,0.001597669338360967,4.0,IV
eq5,4.7,18.827,98.959,90.9,0.001562935664929115,2.0,II
eq5,4.7,18.853,99.024,92.85,0.001496307792447824,4.0,IV
eq5,4.7,18.811,98.982,93.77,0.001464344144748535,4.0,IV
eq5,4.7,18.791,98.953,93.82,0.001464344144748535,4.0,IV
eq5,4.7,18.808,98.979,93.83,0.001464344144748535,3.0,III
eq5,4.7,18.812,98.988,94.05,0.001464344144748535,4.0,IV
eq5,4.7,18.816,98.998,94.29,0.001464344144748535,3.0,III
eq5,4.7,18.779,98.948,94.56,0.001433237194799902,4.0,IV
eq5,4.7,18.806,98.988,94.62,0.001433237194799902,4.0,IV
eq5,4.7,18.815,99.002,94.63,0.001433237194799902,2.0,II
eq5,4.7,18.794,98.977,94.96,0.001433237194799902,4.0,IV
eq5,4.7,18.797,98.995,95.82,0.001402956273623639,4.0,IV
eq5,4.7,18.807,99.017,96.38,0.001402956273623639,4.0,IV
eq5,4.7,18.784,98.989,96.64,0.00137347216262112,4.0,IV
eq5,4.7,18.797,99.019,97.4,0.00137347216262112,4.0,IV
eq5,4.7,18.791,99.014,97.53,0.001344757008412172,4.0,IV
eq5,4.7,18.791,99.014,97.53,0.001344757008412172,3.0,III
eq5,4.7,18.777,99.002,98.03,0.001344757008412172,4.0,IV
eq5,4.7,18.772,98.996,98.12,0.001344757008412172,4.0,IV
eq5,4.7,18.79,99.025,98.32,0.001344757008412172,4.0,IV
eq5,4.7,18.789,99.044,99.67,0.001289528512537392,2.0,II
eq5,4.7,18.72,99.04,105.56,0.001139768208509875,2.0,II
eq5,4.7,18.615,99.026,114.32,0.0009714075341059477,4.0,IV
eq5,4.7,18.592,99.008,115.64,0.0009340475546469907,4.0,IV
eq5,4.7,18.589,99.037,117.47,0.0009160024590320039,4.0,IV
eq5,4.7,18.54,98.954,117.93,0.0008983645627175274,2.0,II
eq5,4.7,18.334,98.691,130.6,0.0007014185864109411,4.0,IV
eq5,4.7,18.595,99.257,130.66,0.0007014185864109411,4.0,IV
eq5,4.7,18.575,99.451,146.3,0.0005324395446765062,4.0,IV
eq5,4.7,18.208,99.415,174.79,0.0003190831792767254,4.0,IV
eq5,4.7,18.192,99.403,175.61,0.0003136166944725629,4.0,IV
eq51,3.6,20.359,99.895,51.74,0.0003286567493787746,4.0,IV
eq51,3.6,120.407,99.885,56.84,0.00027666290687121864,6.0,VI
eq51,3.6,18.637,98.967,192.42,1.3756530789382472e-05,6.0,VI
eq53,3.6,18.79,100.786,43.35,0.0005170545376520964,4.0,IV
eq54,3.6,19.127,100.039,6.15,0.0134793431509173,2.0,II
eq54,3.6,19.102,100.074,1.72,0.0321469445553406,2.0,II
eq54,3.6,19.127,100.039,6.15,0.0134793431509173,3.0,III
eq54,3.6,19.197,99.936,19.46,0.00268442688474117,3.0,III
eq54,3.6,19.16,99.986,12.79,0.00491595942328444,4.0,IV
eq57,3.6,17.103,98.575,3.1,0.019385416568854612,2.0,II
eq58,3.6,15.873,98.815,13.49,0.00400557418649723,2.0,II
eq58,3.6,15.693,98.953,37.76,0.000647665984785012,2.0,II
eq59,3.6,19.733,99.7,20.99,0.0017554650015520331,4.0,IV
eq59,3.6,19.878,99.739,28.75,0.0010001042612444106,4.0,IV
eq59,3.6,19.92,99.851,41.33,0.0005359054978769879,4.0,IV
eq59,3.6,19.92,99.851,41.33,0.0005359054978769879,2.0,II
eq59,3.6,18.806,99.018,116.5,6.347810861072805e-05,4.0,IV
eq6,4.6,7.881,98.405,15.37,0.03118531142806335,4.0,IV
eq6,4.6,7.805,98.407,15.4,0.03118531142806335,4.0,IV
eq6,4.6,7.862,98.401,15.45,0.03118531142806335,2.0,II
eq6,4.6,7.9,98.403,16.2,0.02837487137381434,3.0,III
eq6,4.6,7.992,98.575,16.74,0.02592320991451688,3.0,III
eq6,4.6,7.886,98.392,16.86,0.02592320991451688,2.0,II
eq6,4.6,7.851,98.384,17.19,0.02592320991451688,3.0,III
eq6,4.6,7.878,98.382,17.8,0.02377304336545645,3.0,III
eq6,4.6,7.937,98.396,18.86,0.02187789900097373,4.0,IV
eq6,4.6,7.903,98.379,18.86,0.02187789900097373,4.0,IV
eq6,4.6,7.89,98.374,18.89,0.02187789900097373,4.0,IV
eq6,4.6,7.882,98.372,18.95,0.02187789900097373,4.0,IV
eq6,4.6,7.889,98.372,19.13,0.02187789900097373,2.0,II
eq6,4.6,7.83,98.341,22.04,0.01737479411683366,3.0,III
eq6,4.6,7.727,98.378,22.26,0.01737479411683366,4.0,IV
eq6,4.6,7.727,98.378,22.26,0.01737479411683366,2.0,II
eq6,4.6,7.822,98.339,22.32,0.01737479411683366,2.0,II
eq6,4.6,7.911,98.339,23.29,0.01618033931790515,4.0,IV
eq6,4.6,7.993,98.384,23.72,0.01510586533723969,4.0,IV
eq6,4.6,7.989,98.366,24.89,0.01413604749555624,4.0,IV
eq6,4.6,8.04,98.418,25.42,0.01413604749555624,2.0,II
eq6,4.6,7.985,98.355,25.62,0.01325788963663198,4.0,IV
eq6,4.6,7.982,98.352,25.65,0.01325788963663198,3.0,III
eq6,4.6,8.047,98.42,25.92,0.01325788963663198,2.0,II
eq6,4.6,7.992,98.348,26.6,0.01246031727665046,2.0,II
eq6,4.6,7.979,98.337,26.83,0.01246031727665046,4.0,IV
eq6,4.6,8.071,98.371,31.2,0.009904994190043785,3.0,III
eq6,4.6,8.007,98.297,32.25,0.00939176412264617,4.0,IV
eq6,4.6,8.011,98.841,37.89,0.007024592319368718,4.0,IV
eq60,3.6,19.683,99.533,7.76,0.0118172122345805,4.0,IV
eq61,3.6,19.675,99.13,3.51,0.014701106594332625,3.0,III
eq62,3.6,17.52,100.02,3.08,0.05458245206906612,4.0,IV
eq62,3.6,17.52,100.02,3.15,0.05458245206906612,4.0,IV
eq62,3.6,17.52,100.02,3.16,0.05458245206906612,4.0,IV
eq62,3.6,17.48,99.99,6.47,0.03012323752433972,4.0,IV
eq62,3.6,17.57,100.0,8.3,0.02175528184994143,4.0,IV
eq62,3.6,17.57,100.0,8.53,0.0187827031334356,4.0,IV
eq62,3.6,17.58,100.09,9.64,0.01636112934127953,3.0,III
eq62,3.6,17.58,100.09,9.65,0.01636112934127953,4.0,IV
eq62,3.6,17.62,100.09,13.8,0.01011973307084714,4.0,IV
eq62,3.6,17.63,100.09,14.87,0.009107103845466372,4.0,IV
eq62,3.6,17.68,100.01,20.04,0.005741574916710009,4.0,IV
eq62,3.6,17.71,100.06,22.39,0.004895161856153002,4.0,IV
eq62,3.6,17.74,100.21,31.52,0.002556322758161454,3.0,III
eq63,3.6,19.773,99.179,1.26,0.036486149888136726,3.0,III
eq63,3.6,19.802,99.161,3.51,0.017141848756813953,4.0,IV
eq63,3.6,19.78,99.13,3.99,0.017141848756813953,3.0,III
eq63,3.6,19.833,99.138,7.52,0.00825779111767448,4.0,IV
eq63,3.6,19.706,99.137,7.92,0.00825779111767448,4.0,IV
eq63,3.6,19.739,99.088,9.03,0.007097950023468479,4.0,IV
eq63,3.6,19.87,99.055,16.06,0.0030504565993276613,4.0,IV
eq63,3.6,19.492,99.958,88.43,0.00013567191681629058,3.0,III
eq64,3.6,19.729,99.676,2.93,0.01938541656885461,4.0,IV
eq64,3.6,19.772,99.676,3.02,0.01938541656885461,4.0,IV
eq64,3.6,19.714,99.715,4.61,0.01260076482279009,4.0,IV
eq64,3.6,19.694,99.712,6.49,0.01043492524487739,3.0,III
eq64,3.6,19.878,99.739,15.0,0.0030511788991,4.0,IV
eq64,3.6,19.688,99.564,15.19,0.0030511788991,3.0,III
eq64,3.6,19.842,99.809,15.82,0.002753550814636927,4.0,IV
eq64,3.6,19.863,99.833,19.34,0.002078127513632374,2.0,II
eq64,3.6,19.863,99.833,19.34,0.002078127513632374,4.0,IV
eq64,3.6,19.568,99.751,21.18,0.001755465001552033,4.0,IV
eq64,3.6,19.903,99.835,22.59,0.001501885468667198,4.0,IV
eq64,3.6,19.272,99.441,59.36,0.0002727814454941881,4.0,IV
eq67,3.5,18.35,100.374,6.2,0.007351175,2.0,II
eq7,4.5,19.383,99.397,4.3,0.10121787591940276,2.0,II
eq7,4.5,19.257,100.286,98.5,0.0008610151297822461,2.0,II
eq71,3.5,18.172,97.931,15.52,0.002247850133781134,3.0,III
eq71,3.5,18.181,97.928,15.52,0.002247850133781134,3.0,III
eq71,3.5,18.204,97.93,18.63,0.0016949274914299433,4.0,IV
eq71,3.5,18.146,97.923,18.63,0.0016949274914299433,3.0,III
eq71,3.5,18.186,97.935,18.63,0.0016949274914299433,4.0,IV
eq72,3.5,18.4,98.62,22.88,0.00142699298159597,4.0,IV
eq73,3.5,17.245,98.269,11.74,0.0030071533101657813,2.0,II
eq74,3.5,19.238,99.632,1.88,0.01764865313635544,4.0,IV
eq74,3.5,19.239,99.632,1.88,0.01764865313635544,2.0,II
eq74,3.5,19.239,99.632,1.88,0.01764865313635544,3.0,III
eq74,3.5,19.182,99.61,7.95,0.005241058773850692,3.0,III
eq74,3.5,19.158,99.649,10.93,0.00341307900336591,4.0,IV
eq74,3.5,19.153,99.591,11.54,0.003007153310165781,4.0,IV
eq74,3.5,19.211,99.518,11.88,0.003007153310165781,3.0,III
eq74,3.5,19.146,99.613,11.96,0.003007153310165781,4.0,IV
eq75,3.5,19.747,99.68,4.66,0.009846164581646442,4.0,IV
eq75,3.5,19.782,99.705,8.34,0.00580618386963199,2.0,II
eq75,3.5,19.718,99.714,8.65,0.004986794869634645,2.0,II
eq75,3.5,19.702,99.718,9.82,0.0043240056153704,4.0,IV
eq75,3.5,19.839,99.729,14.36,0.00263760938464292,2.0,II
eq75,3.5,19.857,99.819,22.95,0.0011627285254471515,4.0,IV
eq75,3.5,19.899,99.796,24.05,0.00107984976505322,4.0,IV
eq75,3.5,19.902,99.819,25.97,0.0009385564096693738,4.0,IV
eq75,3.5,19.891,99.831,26.19,0.0009385564096693738,3.0,III
eq75,3.5,19.912,99.827,27.34,0.000878087789347639,4.0,IV
eq75,3.5,20.252,99.54,57.38,0.00022473016516964597,4.0,IV
eq75,3.5,20.252,99.829,59.95,0.00020386619046514808,3.0,III
eq8,4.5,18.853,98.993,27.85,1.7882943639057e-07,7.0,VII
eq8,4.5,18.997,98.887,39.79,9.82332605898361e-08,3.0,III
eq9,4.5,7.887,98.39,14.17,0.0426537613688534,4.0,IV
eq9,4.5,7.849,98.371,15.4,0.03858554984593817,4.0,IV
eq9,4.5,7.956,98.587,15.41,0.03858554984593817,3.0,III
eq9,4.5,7.897,98.38,15.72,0.03506280713383383,3.0,III
eq9,4.5,7.897,98.38,15.72,0.03506280713383383,4.0,IV
eq9,4.5,7.898,98.38,15.72,0.03506280713383383,4.0,IV
eq9,4.5,7.898,98.376,16.12,0.03506280713383383,4.0,IV
eq9,4.5,7.893,98.371,16.42,0.03506280713383383,4.0,IV
eq9,4.5,7.894,98.353,18.33,0.02930687075106844,2.0,II
eq9,4.5,7.865,98.342,18.66,0.02694119897804592,4.0,IV
eq9,4.5,7.9,98.347,19.11,0.02694119897804592,4.0,IV
eq9,4.5,7.915,98.343,20.21,0.0248489381900536,2.0,II
eq9,4.5,7.797,98.325,20.97,0.02299033078198973,2.0,II
eq9,4.5,7.906,98.325,21.63,0.02133247013730703,4.0,IV
eq9,4.5,7.989,98.367,22.8,0.01984794652354759,2.0,II
eq9,4.5,7.879,98.303,23.27,0.01984794652354759,2.0,II
eq9,4.5,7.874,98.295,24.01,0.01851379319017756,4.0,IV
eq9,4.5,7.911,98.298,24.68,0.01731065927044093,4.0,IV
eq9,4.5,8.039,98.405,24.96,0.01731065927044093,4.0,IV
eq9,4.5,7.926,98.269,28.23,0.01433526729617463,2.0,II
eq9,4.5,7.956,98.275,28.92,0.01351471551861966,4.0,IV
eq9,4.5,7.728,98.213,35.04,0.009819369572796367,2.0,II
eq9,4.5,7.727,98.213,35.07,0.009819369572796367,3.0,III
eq9,4.5,7.727,98.213,35.07,0.009819369572796367,2.0,II
eq9,4.5,8.049,98.758,35.87,0.009356412339994532,2.0,II
eq9,4.5,8.084,98.281,37.07,0.00892620174976207,4.0,IV
eq9,4.5,8.105,98.305,37.12,0.00892620174976207,4.0,IV
eq9,4.5,8.047,98.797,39.07,0.008152148242299507,4.0,IV
eq9,4.5,8.044,98.824,41.32,0.00747664231546482,3.0,III
eq9,4.5,8.262,98.272,53.7,0.00461205964497177,4.0,IV
eq9,4.5,7.558,99.059,68.18,0.003033468889960015,4.0,IV
eq9,4.5,7.936,99.142,70.45,0.002873373335007974,3.0,III
